{"cameraMode":{"drawMode":0,"name":"Shaded","section":"Shading Mode"},"sceneLighting":false,"audioPlay":false,"sceneViewState":{"m_AlwaysRefresh":false,"showFog":true,"showSkybox":false,"showFlares":true,"showImageEffects":true,"showParticleSystems":true,"showVisualEffectGraphs":true,"m_FxEnabled":true},"in2DMode":false,"pivot":{"x":0.4444999694824219,"y":3.124500036239624,"z":-3.368499994277954},"rotation":{"x":0.001970075536519289,"y":0.9675624966621399,"z":-0.25253912806510928,"w":0.0075474088080227379},"size":5.384642124176025,"orthographic":false}