{"cameraMode":{"drawMode":0,"name":"Shaded","section":"Shading Mode"},"sceneLighting":false,"audioPlay":false,"sceneViewState":{"m_AlwaysRefresh":false,"showFog":true,"showSkybox":false,"showFlares":true,"showImageEffects":true,"showParticleSystems":true,"showVisualEffectGraphs":true,"m_FxEnabled":true},"in2DMode":false,"pivot":{"x":8.106097221374512,"y":7.9850006103515629,"z":1.1215929985046387},"rotation":{"x":0.008184924721717835,"y":-0.8942270278930664,"z":0.016379045322537423,"w":0.4472721815109253},"size":12.193839073181153,"orthographic":false}