{"cameraMode":{"drawMode":0,"name":"Shaded","section":"Shading Mode"},"sceneLighting":false,"audioPlay":false,"sceneViewState":{"m_AlwaysRefresh":false,"showFog":false,"showSkybox":false,"showFlares":false,"showImageEffects":false,"showParticleSystems":false,"showVisualEffectGraphs":true,"m_FxEnabled":true},"in2DMode":false,"pivot":{"x":-9.223468780517579,"y":140.46041870117188,"z":-110.01620483398438},"rotation":{"x":-0.0031015537679195406,"y":0.9962756037712097,"z":0.07936617732048035,"w":0.037045467644929889},"size":211.13902282714845,"orthographic":false}